{"cameraMode":{"drawMode":0,"name":"Shaded","section":"Shading Mode"},"sceneLighting":true,"audioPlay":false,"sceneViewState":{"m_AlwaysRefresh":false,"showFog":true,"showSkybox":true,"showFlares":true,"showImageEffects":true,"showParticleSystems":true,"showVisualEffectGraphs":true,"m_FxEnabled":true},"in2DMode":false,"pivot":{"x":32.29176712036133,"y":0.6504678130149841,"z":28.502304077148439},"rotation":{"x":-0.02706189639866352,"y":-0.7883549332618713,"z":0.034702565521001819,"w":-0.6137956976890564},"size":5.8624138832092289,"orthographic":false}